,ID,Country,Count
1,UZ,Uzbekistan,1
2,PS,"Palestinian Territory, Occupied",0
3,QA,Qatar,0
4,SA,Saudi Arabia,2
5,AF,Afghanistan,0
6,LB,Lebanon,0
7,BH,Bahrain,0
8,CY,Cyprus,0
9,SY,Syrian Arab Republic,2
10,TJ,Tajikistan,0
11,TM,Turkmenistan,0
12,AE,United Arab Emirates,0
13,IR,"Iran, Islamic Republic of",1
14,IQ,Iraq,1
15,OM,Oman,0
16,PK,Pakistan,0
17,IL,Israel,6
18,JO,Jordan,1
19,KZ,Kazakhstan,1
20,KW,Kuwait,1
21,KG,Kyrgyzstan,0
22,VN,Viet Nam,1
23,MV,Maldives,0
24,PH,Philippines,0
25,BD,Bangladesh,0
26,BT,Bhutan,1
27,BN,Brunei Darussalam,0
28,KH,Cambodia,0
29,TL,Timor-Leste,0
30,SG,Singapore,1
31,LK,Sri Lanka,21
32,TH,Thailand,2
33,NP,Nepal,0
34,LA,Lao People's Democratic Republic,1
35,YE,Yemen,5
36,GE,Georgia,0
37,TR,Turkey,4
38,AM,Armenia,0
39,AZ,Azerbaijan,0
40,DT,Disputed Territory,0
41,MY,Malaysia,3
42,IO,British Indian Ocean Territory,0
43,IN,India,6
44,ID,Indonesia,4
45,MM,Myanmar,0
46,VU,Vanuatu,1
47,WF,Wallis and Futuna,0
48,GU,Guam,5
49,MH,Marshall Islands,0
50,PN,Pitcairn,0
51,WS,Samoa,0
52,CX,Christmas Island,4
53,CC,Cocos (Keeling) Islands,0
54,FJ,Fiji,2
55,TK,Tokelau,0
56,TO,Tonga,2
57,TV,Tuvalu,0
58,NR,Nauru,0
59,NC,New Caledonia,8
60,NU,Niue,0
61,NF,Norfolk Island,9
62,MP,Northern Mariana Islands,2
63,PW,Palau,1
64,VA,Holy See (Vatican City State),0
65,MK,"Macedonia, the former Yugoslav Republic of",2
66,MT,Malta,0
67,MC,Monaco,0
68,PL,Poland,1
69,RO,Romania,2
70,SM,San Marino,0
71,AL,Albania,1
72,LV,Latvia,0
73,LI,Liechtenstein,0
74,LT,Lithuania,0
75,LU,Luxembourg,0
76,BE,Belgium,1
77,BA,Bosnia and Herzegovina,0
78,BG,Bulgaria,0
79,HR,Croatia,1
80,CZ,Czech Republic,0
81,DK,Denmark,0
82,EE,Estonia,0
83,FO,Faroe Islands,1
84,FI,Finland,0
85,GG,Guernsey,0
86,IM,Isle of Man,0
87,JE,Jersey,0
88,DE,Germany,4
89,GI,Gibraltar,0
90,GL,Greenland,1
91,SK,Slovakia,0
92,SI,Slovenia,0
93,SJ,Svalbard and Jan Mayen,0
94,SE,Sweden,0
95,CH,Switzerland,6
96,AD,Andorra,0
97,AT,Austria,3
98,HU,Hungary,0
99,IS,Iceland,1
100,NL,Netherlands,1
101,NO,Norway,0
102,IE,Ireland,1
104,ME,Montenegro,1
105,GY,Guyana,0
106,FK,Falkland Islands (Malvinas),1
107,GF,French Guiana,0
108,SR,Suriname,0
109,UY,Uruguay,2
110,PY,Paraguay,0
111,PE,Peru,2
112,VG,"Virgin Islands, British",0
113,VI,"Virgin Islands, U.S.",1
114,GP,Guadeloupe,7
115,HT,Haiti,10
116,MQ,Martinique,6
117,MS,Montserrat,0
118,KN,Saint Kitts and Nevis,1
119,LC,Saint Lucia,3
120,VC,Saint Vincent and the Grenadines,1
121,BB,Barbados,1
122,BM,Bermuda,5
123,KY,Cayman Islands,1
124,CU,Cuba,11
125,DM,Dominica,1
126,DO,Dominican Republic,9
127,GD,Grenada,0
128,TT,Trinidad and Tobago,0
129,TC,Turks and Caicos Islands,0
130,AI,Anguilla,1
131,AG,Antigua and Barbuda,3
132,AW,Aruba,0
133,BS,Bahamas,2
134,JM,Jamaica,5
135,EH,Western Sahara,0
136,DZ,Algeria,3
137,TN,Tunisia,12
138,MA,Morocco,3
139,ZM,Zambia,1
140,ZW,Zimbabwe,0
141,GN,Guinea,0
142,LY,Libya,1
143,GW,Guinea-Bissau,0
144,ML,Mali,0
145,MR,Mauritania,0
146,YT,Mayotte,5
147,RW,Rwanda,1
148,RE,Réunion,NA
149,SN,Senegal,0
150,SL,Sierra Leone,0
151,LS,Lesotho,0
152,LR,Liberia,0
153,MG,Madagascar,13
154,MW,Malawi,0
155,BJ,Benin,0
156,BW,Botswana,0
157,BF,Burkina Faso,0
158,BI,Burundi,0
159,CM,Cameroon,1
160,CV,Cape Verde,3
161,CF,Central African Republic,0
162,TD,Chad,0
163,KM,Comoros,0
164,CG,Congo,0
165,CD,"Congo, The Democratic Republic of the",2
166,CI,Côte d'Ivoire,NA
167,DJ,Djibouti,0
168,ER,Eritrea,0
169,ET,Ethiopia,0
170,GA,Gabon,0
171,GM,Gambia,0
172,GH,Ghana,0
173,SO,Somalia,0
174,SD,Sudan,0
175,SZ,Swaziland,0
176,TZ,"Tanzania, United Republic of",1
177,TG,Togo,0
178,UG,Uganda,1
179,MZ,Mozambique,0
180,NE,Niger,0
181,NG,Nigeria,0
182,KE,Kenya,2
183,GT,Guatemala,1
184,BZ,Belize,1
185,SV,El Salvador,0
186,PA,Panama,0
187,HM,Heard Island and McDonald Islands,0
188,BV,Bouvet Island,0
189,AQ,Antarctica,0
190,MD,Moldova,1
191,BY,Belarus,0
192,MN,Mongolia,0
193,MO,Macao,0
194,HK,Hong Kong,0
195,KP,"Korea, Democratic People's Republic of",1
196,KR,"Korea, Republic of",1
197,PM,Saint Pierre and Miquelon,0
198,MF,Saint Martin (French part),0
199,BL,Saint Barthélemy,0
200,AS,American Samoa,1
201,CK,Cook Islands,16
202,PF,French Polynesia,66
203,SB,Solomon Islands,2
204,UM,United States Minor Outlying Islands,1
205,AU,Australia,42
206,NZ,New Zealand,29
207,PG,Papua New Guinea,1
208,KI,Kiribati,1
209,PT,Portugal,3
210,FR,France,8
211,GR,Greece,4
212,ES,Spain,3
213,GB,United Kingdom,2
214,IT,Italy,4
215,RS,Serbia,0
216,BR,Brazil,14
217,CL,Chile,2
218,CO,Colombia,5
219,EC,Ecuador,12
220,AR,Argentina,3
221,PR,Puerto Rico,5
222,AN,Netherlands Antilles,NA
223,EG,Egypt,2
224,MU,Mauritius,46
225,ST,Sao Tomé and Principe,0
226,SC,Seychelles,23
227,GQ,Equatorial Guinea,0
228,ZA,South Africa,6
229,AO,Angola,0
230,NA,Namibia,1
231,MX,Mexico,25
232,CR,Costa Rica,3
233,HN,Honduras,3
234,NI,Nicaragua,1
235,GS,South Georgia and the South Sandwich Islands,0
236,RU,Russian Federation,3
237,UA,Ukraine,4
238,CN,China,8
239,TW,"Taiwan, Province of China",0
240,JP,Japan,13
241,CA,Canada,12
242,US,United States,293
243,BO,"Bolivia, Plurinational States of",1
244,SH,"Saint Helena, Ascension and Tristan da Cunha",36
245,CW,Curaçao,NA
246,SX,Sint Maarten (Dutch part),0
247,BQ,"Bonaire, Sint Eustatius and Saba",1
248,SS,South Sudan,0
249,TF,French Southern Territories,1
250,FM,"Micronesia, Federated States of ",3
251,VE,"Venezuela, Bolivarian Republic of",1